"icon","name","description"
"๐ค","AI-ัะฐั",""
"๐จ","ะะตะฑ-ะธะฝััััะผะตะฝัั",""
"๐","ะะตะฑ-ัะฐะทัะฐะฑะพัะบะฐ",""
"๐","ะกัะฐััะฐะฟั",""
"๐ฃ","ะัะพะดะฐะถะธ ะธ ะผะฐัะบะตัะธะฝะณ",""
"๐ฅ๏ธ","ะะ-ะบะพะฟะธัะฐะนัะธะฝะณ",""
"๐ก","ะงะฐั ั ะฟะพะดะดะตัะถะบะพะน GPT",""
"๐ฅ","ะงะตะปะพะฒะตัะตัะบะธะต ัะตััััั",""
"๐","ะะตะบัััะธะฝะณ",""
"๐ฌ","ะกะพัะธะฐะปัะฝัะต ะผะตะดะธะฐ",""
"๐ฅ","3D",""
"๐จ๏ธ","3D-ะฟะตัะฐัั",""
"๐","3D-ัะตัะฝะพะปะพะณะธะธ",""
"๐ฐ","ะััะณะฐะปัะตััะบะธะน ััะตั",""
"๐","ะะบัะธะฒะฝัะน ะพะฑัะฐะท ะถะธะทะฝะธ",""
"๐ฏ","ะขะฐัะณะตัะธะฝะณ ัะตะบะปะฐะผั",""
"๐ฉ","ะัะธะบะปััะตะฝัะตัะบะพะต ะฟััะตัะตััะฒะธะต",""
"๐ข","ะะตะบะปะฐะผะฐ",""
"๐ฃ","ะะตะบะปะฐะผะฝัะต ะฑะธัะถะธ",""
"๐ฐ","ะะตะบะปะฐะผะฝัะต ัะตัะธ",""
"๐ป","ะะตะบะปะฐะผะฝัะต ะฟะปะฐััะพัะผั",""
"๐ฃ","ะกะพะฒะตั",""
"๐","ัะตะปััะบะพะต ัะพะทัะนััะฒะพ",""
"๐ค","ะะฝััััะผะตะฝัั ะธัะบััััะฒะตะฝะฝะพะณะพ ะธะฝัะตะปะปะตะบัะฐ",""
"๐","ะะปะณะพัะธัะผั",""
"๐","ะัะต ััะฝะบะธ",""
"๐","ะัะต ัััะดะตะฝัั",""
"๐","ะะฝะฐะปะธัะธะบะฐ",""
"๐ค","ะะฝะดัะพะธะด",""
"๐ผ","ะะฝะณะตะปััะบะพะต ะธะฝะฒะตััะธัะพะฒะฐะฝะธะต",""
"๐","ะะพัะผะฐ ะดะปั ะถะธะฒะพัะฝัั",""
"๐ฑ","ะะฑะฝะฐััะถะตะฝะธะต ะฟัะธะปะพะถะตะฝะธะน",""
"โ๏ธ","Apple Watch",""
"๐ป","ะะพะฝะธัะพัะธะฝะณ ะฟัะพะธะทะฒะพะดะธัะตะปัะฝะพััะธ ะฟัะธะปะพะถะตะฝะธะน",""
"๐ฑ","ะะปะฐััะพัะผั ะฟัะธะปะพะถะตะฝะธะน",""
"๐ฑ","ะัะพะณัะฐะผะผั",""
"๐ฑ","ะะฐะณะฐะทะธะฝั ะฟัะธะปะพะถะตะฝะธะน",""
"๐","ะััะธัะตะบัััะฐ",""
"๐จ","ะัะบััััะฒะพ",""
"๐ค","ะัะบััััะฒะตะฝะฝัะน ะธะฝัะตะปะปะตะบั",""
"๐จ","ะฅัะดะพะถะฝะธะบะธ ัะพ ะฒัะตะณะพ ะผะธัะฐ",""
"๐","ะัะดะธะพ",""
"๐ฑ","ะะพะฟะพะปะฝะตะฝะฝะฐั ัะตะฐะปัะฝะพััั",""
"๐","ะะฒัะพะผะพะฑะธะปัะฝะฐั ะฟัะพะผััะปะตะฝะฝะพััั",""
"๐ผ","B2B",""
"๐ผ","ะะปะฐะดะตะฝัั",""
"๐ถ","ะะตััะบะธะต ะฐะบัะตัััะฐัั",""
"๐ฐ","ะะฐะฝะบะพะฒัะบะพะต ะดะตะปะพ",""
"๐ต","ะะฐะฝะบะพะฒัะบะธะต ัะตัะฝะพะปะพะณะธะธ",""
"๐","ะะฐัะฐัะตะธ",""
"๐","ะัะฐัะพัะฐ",""
"๐ฒ","ะะตะปะพัะธะฟะตะดั",""
"๐","ะะพะปััะธะต ะดะฐะฝะฝัะต",""
"๐","ะะฝะฐะปะธัะธะบะฐ ะฑะพะปััะธั ะดะฐะฝะฝัั",""
"๐ต","ะะธะปะปะธะฝะณ",""
"๐","ะะธะพะผะตััะธั",""
"๐งฌ","ะะธะพัะตัะฝะพะปะพะณะธั",""
"๐ต","ะะธัะบะพะนะฝ",""
"โ๏ธ","ะะปะพะบัะตะนะฝ",""
"๐ป","ะะปะฐััะพัะผั ะดะปั ะฑะปะพะณะพะฒ",""
"๐ฅ","ะะพะดะพัะฝะฐั ะฟัะพะผััะปะตะฝะฝะพััั",""
"๐","ะะฝะธะณะธ",""
"๐ค","ะะพัั",""
"๐ฃ","ะัะตะฝะด-ะผะฐัะบะตัะธะฝะณ",""
"โ๏ธ","ะกะพะตะดะธะฝะตะฝะธะต ะพะฝะปะฐะนะฝ ะธ ะพัะปะฐะนะฝ",""
"๐น","ะะตัะฐะฝะธะต",""
"๐ป","ะะฐััะธัะตะฝะธั ะฑัะฐัะทะตัะฐ",""
"๐จ","ะกััะพะธัะตะปัะฝัะต ะฟัะพะดัะบัั",""
"๐","ะะธะทะฝะตั-ะฐะฝะฐะปะธัะธะบะฐ",""
"๐ผ","ะะฐะทะฒะธัะธะต ะฑะธะทะฝะตัะฐ",""
"๐ป","ะะธะทะฝะตั-ะธะฝัะพัะผะฐัะธะพะฝะฝัะต ัะธััะตะผั",""
"๐ก","ะะธะทะฝะตั-ะฐะฝะฐะปะธัะธะบะฐ",""
"โ๏ธ","ะัะพะธะทะฒะพะดะธัะตะปัะฝะพััั ะฑะธะทะฝะตัะฐ",""
"๐ด","ะะธะทะฝะตั-ััะปัะณะธ",""
"๐ฉ","ะะตะปะพะฒัะต ะฟััะตัะตััะฒะตะฝะฝะธะบะธ",""
"๐ผ","ะฃะฟัะฐะฒะปะตะฝะธะต ะบะฐััะตัะพะน",""
"๐","ะะปะฐะฝะธัะพะฒะฐะฝะธะต ะบะฐััะตัั",""
"๐","ะะตะณะบะพะฒัะต ะฐะฒัะพะผะพะฑะธะปะธ",""
"๐ฒ","ะะฐะทัะฐะปัะฝัะต ะธะณัั",""
"๐ค","ะัะธัะธะฝะฐ ะะฐัะบะตัะธะฝะณ",""
"๐","ะะฝะฐะผะตะฝะธัะพััั",""
"๐ฐ","ะะปะฐะณะพัะฒะพัะธัะตะปัะฝะพััั",""
"๐ฐ","ะะปะฐะณะพัะฒะพัะธัะตะปัะฝะพััั",""
"๐","ะงะฐััะตัะฝัะต ัะบะพะปั",""
"๐ฌ","ะงะฐั",""
"๐ถ","ะฃัะพะด ะทะฐ ะดะตััะผะธ",""
"๐ฐ","ะะฑััะฒะปะตะฝะธั",""
"๐ฅ","ะงะธัััะต ัะตัะฝะพะปะพะณะธะธ",""
"โ๏ธ","ะะฑะปะฐัะฝะฐั ะผัะทัะบะฐ",""
"โ๏ธ","ะะฑะปะฐัะฝัะต ะฒััะธัะปะตะฝะธั",""
"โ๏ธ","ะะฑะปะฐัะฝัะต ัะปัะถะฑั ะดะฐะฝะฝัั",""
"โ๏ธ","ะะฑะปะฐัะฝะฐั ะธะฝััะฐััััะบัััะฐ",""
"โ๏ธ","ะะฑะปะฐัะฝะพะต ัะฟัะฐะฒะปะตะฝะธะต",""
"โ๏ธ","ะะพัะต",""
"๐ฅ","ะกะพัััะดะฝะธัะตััะฒะพ",""
"๐ฅ","ะกะพะฒะผะตััะฝะพะต ะฟะพััะตะฑะปะตะฝะธะต",""
"โฑ","ะะพะปะปะตะบัะธะพะฝะธัะพะฒะฐะฝะธะต",""
"๐","ะะฐะผะฟััั ะบะพะปะปะตะดะถะตะน",""
"๐","ะะตะบัััะธะฝะณ ะบะพะปะปะตะดะถะฐ",""
"๐","ะะพะปะปะตะดะถะธ",""
"๐พ","ะะพะผะธะบัั",""
"๐ข","ะะพะผะผะตััะตัะบะฐั ะฝะตะดะฒะธะถะธะผะพััั",""
"โ๏ธ","ะะพะผะผัะฝะธะบะฐัะธะพะฝะฝะพะต ะพะฑะพััะดะพะฒะฐะฝะธะต",""
"๐","ะะพะผะผัะฝะธะบะฐัะธะพะฝะฝะฐั ะธะฝััะฐััััะบัััะฐ",""
"๐","ะกะพะพะฑัะตััะฒะฐ",""
"๐","ะกัะฐะฒะฝะตะฝะธะต ะฟะพะบัะฟะพะบ",""
"๐ป","ะะพะผะฟัััะตัั",""
"๐ฅ","ะะพะผะฟัััะตัะฝะพะต ะทัะตะฝะธะต",""
"๐ค","ะะพะฝัะตััั",""
"๐น","ะะพะฝัะพะปัะฝัะต ะธะณัั",""
"๐","ะกััะพะธัะตะปัััะฒะพ",""
"๐ฅ","ะะพะฝัะฐะปัะธะฝะณ",""
"๐","ะะพะฒะตะดะตะฝะธะต ะฟะพััะตะฑะธัะตะปะตะน",""
"๐ฑ","ะััะพะฒะฐั ัะปะตะบััะพะฝะธะบะฐ",""
"๐ธ","ะะพััะตะฑะธัะตะปััะบะพะต ัะธะฝะฐะฝัะธัะพะฒะฐะฝะธะต",""
"๐","ะะพััะตะฑะธัะตะปััะบะธะต ัะพะฒะฐัั",""
"๐ป","ะะพััะตะฑะธัะตะปััะบะธะน ะะฝัะตัะฝะตั",""
"๐ธ","ะะพััะตะฑะธัะตะปััะบะพะต ะบัะตะดะธัะพะฒะฐะฝะธะต",""
"๐","ะะพััะตะฑะธัะตะปะธ",""
"๐ป","ะฃะฟัะฐะฒะปะตะฝะธะต ะบะพะฝัะฐะบัะฐะผะธ",""
"๐","ะกะพะดะตัะถะฐะฝะธะต",""
"โ๏ธ","ะกะพะทะดะฐัะตะปะธ ะบะพะฝัะตะฝัะฐ",""
"๐ฆ","ะะพััะฐะฒะบะฐ ะบะพะฝัะตะฝัะฐ",""
"๐","ะะฑะฝะฐััะถะตะฝะธะต ะบะพะฝัะตะฝัะฐ",""
"๐ด","ะะพัะพะฒะบะฐ",""
"๐ป","ะะพัะฟะพัะฐัะธะฒะฝัะต ะะข",""
"๐ด","ะะพัะฟะพัะฐัะธะฒะฝะพะต ะพะฑััะตะฝะธะต",""
"๐ช","ะะพัะฟะพัะฐัะธะฒะฝะพะต ะทะดะพัะพะฒัะต",""
"๐","ะะพัะผะตัะธะบะฐ",""
"๐ซ","ะัะฟะพะฝั",""
"๐ฅ","ะะพะฒะพัะบะธะฝะณ",""
"๐ป","ะัะฐััะพะฒะพะต ะฟะธะฒะพ",""
"๐จ","ัะฒะพััะตัะบะธะน",""
"๐จ","ะขะฒะพััะตัะบะธะต ะธะฝะดััััะธะธ",""
"๐ณ","ะัะตะดะธั",""
"๐ณ","ะัะตะดะธัะฝัะต ะบะฐััั",""
"๐","CRM",""
"๐ต","ะัะฐัะดัะฐะฝะดะธะฝะณ",""
"๐ค","ะัะฐัะดัะพััะธะฝะณ",""
"๐ค","ะัะธะฟัะพะฒะฐะปััั",""
"๐","ะััะฐัะพััะบะธะน ะฒะตะฑ-ัะฐะนั",""
"๐","ะะฑัะปัะถะธะฒะฐะฝะธะต ะบะปะธะตะฝัะพะฒ",""
"๐ง","ะะฝััััะผะตะฝัั ะฟะพะดะดะตัะถะบะธ ะบะปะธะตะฝัะพะฒ",""
"๐","ะะพะทะฝะธัะฝะฐั ัะพัะณะพะฒะปั ะฝะฐ ะทะฐะบะฐะท",""
"๐","ะะฝัะพัะผะฐัะธะพะฝะฝะฐั ะฑะตะทะพะฟะฐัะฝะพััั",""
"๐ป","ะะฐะทั ะดะฐะฝะฝัั",""
"๐","ะะฐัะฐ-ัะตะฝััั",""
"๐ป","ะะฝัะตะณัะฐัะธั ะดะฐะฝะฝัั",""
"โ","ะกะฑะพั ะดะฐะฝะฝัั",""
"๐","ะะพะฝัะธะดะตะฝัะธะฐะปัะฝะพััั ะดะฐะฝะฝัั",""
"๐","ะะตะทะพะฟะฐัะฝะพััั ะดะฐะฝะฝัั",""
"๐","ะะธะทัะฐะปะธะทะฐัะธั ะดะฐะฝะฝัั",""
"๏นฉ","ะกะฟะตัะธะฐะปัะฝัะต ะฟัะตะดะปะพะถะตะฝะธั",""
"๐ฅ","ะะปัะฑะพะบะธะต ะธะฝัะพัะผะฐัะธะพะฝะฝัะต ัะตัะฝะพะปะพะณะธะธ",""
"๐","ะะธะทะฐะนะฝ",""
"โ๏ธ","ะะธะทะฐะนะฝะตัั",""
"๐ป","API-ะธะฝัะตััะตะนัั ัะฐะทัะฐะฑะพััะธะบะฐ",""
"๐ง","ะะฝััััะผะตะฝัั ัะฐะทัะฐะฑะพััะธะบะฐ",""
"๐ป","ะะปะฐััะพัะผั ัะฐะทัะฐะฑะพัะบะธ",""
"๐ฅ","ะฆะธััะพะฒัะต ัะฐะทะฒะปะตัะตะฝะธั",""
"๐ฒ","ะฆะธััะพะฒัะต ะกะะ",""
"๐ฅ","ะฆะธััะพะฒัะต ะฒัะฒะตัะบะธ",""
"๐ฃ","ะััะผะพะน ะผะฐัะบะตัะธะฝะณ",""
"๐ฅ","ะััะผัะต ะฟัะพะดะฐะถะธ",""
"๏ผ","ะกะบะธะดะบะธ",""
"๐","ะะพะดััะฒะฝัะต ะผะพะดะตะปะธ",""
"๐","ะะฐัะฟัะตะดะตะปะตะฝะธะต",""
"๐","ะกะดะตะปะฐะน ัะฐะผ",""
"๐ท","ะัะฐัะธ",""
"๐","ะฃะฟัะฐะฒะปะตะฝะธะต ะดะพะบัะผะตะฝัะฐะผะธ",""
"๐ฅ","ะะพะผะตะฝั",""
"๐","ะัะพะฝั",""
"๐ง","ะัััะฐะธะฒะฐะตะผะพะต ะฐัะดะธะพ",""
"๐","ะญะปะตะบััะพะฝะฝัะต ะบะฝะธะณะธ",""
"๐","ะญะปะตะบััะพะฝะฝัะต ะบะฝะธะณะธ",""
"๐","ะญะปะตะบััะพะฝะฝะฐั ะบะพะผะผะตััะธั",""
"๐ต","ะะปะฐััะพัะผั ัะปะตะบััะพะฝะฝะพะน ะบะพะผะผะตััะธะธ",""
"๐","ะะฑัะฐะทะพะฒะฐะฝะธะต",""
"๐ฎ","ะะฐะทะฒะธะฒะฐััะธะต ะธะณัั",""
"๐ฎ","ะะฑัะฐะทะพะฒะฐะฝะธะต ะธ ัะฐะทะฒะปะตัะตะฝะธั",""
"๐","ะญะปะตะบััะธัะตัะบะธะต ััะฐะฝัะฟะพััะฝัะต ััะตะดััะฒะฐ",""
"๐ป","ะญะปะตะบััะพะฝะธะบะฐ",""
"๐ง","ะญะปะตะบััะพะฝะฝะฐั ะฟะพััะฐ",""
"๐จ","ะะตะบะปะฐะผะฝะฐั ัะฐัััะปะบะฐ",""
"๐ง","ะะฝัะพัะผะฐัะธะพะฝะฝัะต ะฑัะปะปะตัะตะฝะธ ะฟะพ ัะปะตะบััะพะฝะฝะพะน ะฟะพััะต",""
"๐","ะัััะพะตะฝะฝะพะต ะพะฑะพััะดะพะฒะฐะฝะธะต ะธ ะฟัะพะณัะฐะผะผะฝะพะต ะพะฑะตัะฟะตัะตะฝะธะต",""
"๐ฑ","ะะฐะทะฒะธะฒะฐััะธะตัั ััะฝะบะธ",""
"๐ผ","ะัะพะณัะฐะผะผั ะปัะณะพั ะดะปั ัะฐะฑะพัะพะดะฐัะตะปะตะน",""
"๐ผ","ะะฐะฑะพัะฐ",""
"โ๏ธ","ะญะฝะตัะณะธั",""
"โ","ะะฝะถะธะฝะธัะธะฝะณะพะฒัะต ัะธัะผั",""
"๐บ๐ธ","ะะฝะณะปะพะณะพะฒะพัััะธะน ะผะธั",""
"๐ฅ๏ธ","ะะปะฐะฝะธัะพะฒะฐะฝะธะต ัะตััััะพะฒ ะฟัะตะดะฟัะธััะธั",""
"๐ข","ะัะตะดะฟัะธััะธั",""
"๐","ะะพัะฟะพัะฐัะธะฒะฝะฐั ะฑะตะทะพะฟะฐัะฝะพััั",""
"๐","ะะพัะฟะพัะฐัะธะฒะฝะพะต ะฟัะพะณัะฐะผะผะฝะพะต ะพะฑะตัะฟะตัะตะฝะธะต",""
"๐บ","ะะฐะทะฒะปะตัะตะฝะธะต",""
"๐บ","ะะฝะดััััะธั ัะฐะทะฒะปะตัะตะฝะธะน",""
"๐ผ","ะัะตะดะฟัะธะฝะธะผะฐัะตะปั",""
"๐ก","ะญะบะพะปะพะณะธัะตัะบะธะต ะธะฝะฝะพะฒะฐัะธะธ",""
"๐","ะฃะฟัะฐะฒะปะตะฝะธะต ัะพะฑััะธัะผะธ",""
"๐","ะกะพะฑััะธั",""
"๐ช","ะฃะฟัะฐะถะฝะตะฝะธะต",""
"๐จโ๐ฉโ๐งโ๐ฆ","ะกะตะผัะธ",""
"๐","ะคัะฝัะตะทะธ-ัะฟะพัั",""
"๐","ะะพะดะฐ",""
"๐","ะะฝััััะผะตะฝัั ะพะฑัะฐัะฝะพะน ัะฒัะทะธ",""
"๐ง","ะกะปัะถะฑั ะฟะพะปะตะฒะพะน ะฟะพะดะดะตัะถะบะธ",""
"๐","ะะฑะผะตะฝ ัะฐะนะปะฐะผะธ",""
"๐ฅ","ะคะธะปัะผ",""
"๐ฝ","ะะธะฝะพะฟัะพะธะทะฒะพะดััะฒะพ",""
"๐ต","ะคะธะฝะฐะฝัั",""
"๐ต","ะคะธะฝะฐะฝัะพะฒัะต ัะตัะฝะพะปะพะณะธะธ",""
"๐น","ะคะธะฝะฐะฝัะพะฒัะต ะฑะธัะถะธ",""
"๐ฐ","ะคะธะฝะฐะฝัะพะฒัะต ััะปัะณะธ",""
"๐ต","ะะฝะฒะตััะธัะธะธ ะฒ ัะธะฝะฐะฝัะพะฒัะต ััะปัะณะธ",""
"๐ช","ะคะธัะฝะตั",""
"๐","ะคะปัั-ะฟัะพะดะฐะถะธ",""
"๐ณ","ะะดะฐ ะธ ะฝะฐะฟะธัะบะธ",""
"๐ฌ","ะคะพััะผั",""
"๐ต","ะะฑะฝะฐััะถะตะฝะธะต ะผะพัะตะฝะฝะธัะตััะฒะฐ",""
"๐ป","ะคัะธะปะฐะฝัะตัั",""
"๐ฅ","ะะตัะฟะปะฐัะฝะฐั ะธะณัะฐ ะฒ ะธะณัะฐั",""
"๐ฑ","ะะฐะดะถะตั",""
"๐ฐ","ะะณัะฐัั ะฒ ะฐะทะฐััะฝัะต ะธะณัั",""
"๐ฎ","ะะณัะพะฒะฐั ะผะตัะฐะฝะธะบะฐ",""
"๐ฎ","ะะณัั",""
"๐","ะจะธัะพะบะฐั ะพะฑัะตััะฒะตะฝะฝะพััั ะฟะพ ะฒัะตะผั ะผะธัั",""
"๐บ","ะะตะพะฟัะพัััะฐะฝััะฒะตะฝะฝัะน",""
"๐ณ","ะะพะดะฐัะพัะฝะฐั ะบะฐััะฐ",""
"๐","ะะฑะผะตะฝ ะฟะพะดะฐัะบะฐะผะธ",""
"๐","ะะตะตัััั ะฟะพะดะฐัะบะพะฒ",""
"๐","ะะฑะพััะดะพะฒะฐะฝะธะต ะดะปั ะณะพะปััะฐ",""
"๐","ะะพััะดะฐัััะฒะตะฝะฝัะต ะธะฝะฝะพะฒะฐัะธะธ",""
"๐","ะัะฐะฒะธัะตะปัััะฒะฐ",""
"๐บ","GPS",""
"๐ป","ะัะฐัะธะบะฐ",""
"๐","ะัะพะดัะบัั ะฟะธัะฐะฝะธั",""
"๐ฌ","ะััะฟะฟะพะฒัะต ะกะะก",""
"๐","ะััะตะฒะพะดะธัะตะปะธ",""
"๐","ะััะตะฒะพะดะธัะตะปั ะฟะพ ะฝะพัะฝะพะน ะถะธะทะฝะธ",""
"๐","ะััะฝะพะน ัะฐะฑะพัั",""
"๐","ะะฟะฟะฐัะฐัะฝะพะต ะพะฑะตัะฟะตัะตะฝะธะต",""
"๐ป","ะะฟะฟะฐัะฐัะฝะพะต ะพะฑะตัะฟะตัะตะฝะธะต + ะัะพะณัะฐะผะผะฝะพะต ะพะฑะตัะฟะตัะตะฝะธะต",""
"๐","ะะดะพัะพะฒัะต ะธ ัััะฐัะพะฒะฐะฝะธะต",""
"๐ช","ะะดะพัะพะฒัะต ะธ ะฑะปะฐะณะพะฟะพะปััะธะต",""
"๐ค","ะะดัะฐะฒะพะพััะฐะฝะตะฝะธะต",""
"๐ป","ะะฝัะพัะผะฐัะธะพะฝะฝัะต ัะตัะฝะพะปะพะณะธะธ ะทะดัะฐะฒะพะพััะฐะฝะตะฝะธั",""
"๐ท","ะะตะดะธัะธะฝัะบะธะต ััะปัะณะธ",""
"โ๏ธ","ะัะทั",""
"๐","ะฃัะตะฝะธะบะธ ััะฐััะตะน ัะบะพะปั",""
"๐ป","ะััะพะบะพัะตัะฝะพะปะพะณะธัะฝัะน",""
"๐ป","ะะพะผะฐัะฝัั ะฐะฒัะพะผะฐัะธะทะฐัะธั",""
"๐ผ","ะะพะผะฐัะฝะตะณะพ ะดะตะบะพัะฐ",""
"๐ก","ะะปะฐะดะตะปััั ะดะพะผะฐ",""
"๐จ","ะะตะผะพะฝั ะดะพะผะฐ",""
"๐จ","ะะพััะตะฟัะธะธะผััะฒะพ",""
"๐จ","ะัะตะปะธ",""
"๐ฅ","ะะทะฐะธะผะพะดะตะนััะฒะธะต ัะตะปะพะฒะตะบะฐ ั ะบะพะผะฟัััะตัะพะผ",""
"๐ป","ะะฒัะพะผะฐัะธะทะฐัะธั ัะตะปะพะฒะตัะตัะบะธั ัะตััััะพะฒ",""
"๐ฅ","ะงะตะปะพะฒะตัะตัะบะธะต ัะตััััั",""
"๐","ะะธัะฝะพััั",""
"๐","ะฃะฟัะฐะฒะปะตะฝะธะต ะธะดะตะฝัะธัะธะบะฐัะธะตะน",""
"๐ท","ะะฐัะฟะพะทะฝะฐะฒะฐะฝะธะต ะธะทะพะฑัะฐะถะตะฝะธะน",""
"๐ธ","ะะผะฟะฐะบั-ะธะฝะฒะตััะธัะพะฒะฐะฝะธะต",""
"๐ฅ","ะะฝะบัะฑะฐัะพัั",""
"๐ต","ะะตะทะฐะฒะธัะธะผะฐั ะผัะทัะบะฐ",""
"๐ค","ะะตะทะฐะฒะธัะธะผัะต ะผัะทัะบะฐะปัะฝัะต ะปะตะนะฑะปั",""
"๐ญ","ะัะพะผััะปะตะฝะฝัะน",""
"๐ญ","ะะฝะดััััะธะฐะปัะฝะฐั ะฐะฒัะพะผะฐัะธะทะฐัะธั",""
"๐","ะะฝัะพัะผะฐัะธะพะฝะฝะฐั ะฑะตะทะพะฟะฐัะฝะพััั",""
"๐ป","ะะฝัะพัะผะฐัะธะพะฝะฝัะต ััะปัะณะธ",""
"โน๏ธ","ะะฝัะพัะผะฐัะธะพะฝะฝัะต ัะตัะฝะพะปะพะณะธะธ",""
"๐","ะะฝััะฐััััะบัััะฐ",""
"๐ก","ะะฝะฝะพะฒะฐัะธะพะฝะฝะฐั ะธะฝะถะตะฝะตัะธั",""
"๐ก","ะะฝะฝะพะฒะฐัะธะพะฝะฝัะน ะผะตะฝะตะดะถะผะตะฝั",""
"๐ธ","ะกััะฐัะพะฒะฐะฝะธะต",""
"๐ข","ะกััะฐัะพะฒัะต ะบะพะผะฟะฐะฝะธะธ",""
"๐ก","ะะฝัะตะปะปะตะบััะฐะปัะฝะฐั ัะพะฑััะฒะตะฝะฝะพััั",""
"๐","ะัะฐัะธะบ ะธะฝัะตัะตัะพะฒ",""
"๐","ะะธะทะฐะนะฝ ะธะฝัะตััะตัะฐ",""
"๐ป","ะะฝัะตัะฝะตั",""
"๐ก","ะะฝัะตัะฝะตั-ะธะฝััะฐััััะบัััะฐ",""
"๐ฃ","ะะฝัะตัะฝะตั-ะผะฐัะบะตัะธะฝะณ",""
"๐ฅ","ะะฝัะตัะฝะตั ะฒะตัะตะน",""
"๐ป","ะัะฝะพะบ ะะฝัะตัะฝะตั-ัะฐะดะธะพ",""
"๐ฅ","ะะฝัะตัะฝะตั-ะฟัะพะฒะฐะนะดะตัั",""
"๐บ","ะะฝัะตัะฝะตั-ัะตะปะตะฒะธะดะตะฝะธะต",""
"๐ต","ะฃะฟัะฐะฒะปะตะฝะธะต ะธะฝะฒะตััะธัะธัะผะธ",""
"๐","ะะฝะฒะตััะธััะนัะต ะพะฝะปะฐะนะฝ",""
"๐ฑ","iOS",""
"๐ฑ","iPad",""
"๐ฑ","iPhone",""
"๐","ะะข ะธ ะบะธะฑะตัะฑะตะทะพะฟะฐัะฝะพััั",""
"๐ป","ะะข-ะผะตะฝะตะดะถะผะตะฝั",""
"๐","ะฎะฒะตะปะธัะฝัะต ะธะทะดะตะปะธั",""
"๐ฉโ๐ป","ะขััะดะพััััะพะนััะฒะพ",""
"๐ผ","ะัะฝะพะบ ัััะดะฐ",""
"๐","ะะพะธัะบ ัะฐะฑะพัั",""
"๐ฐ","ะััะฝะฐะปะธััะธะบะฐ",""
"๐ฆ","ะะตัะธ",""
"๐","ะฃะฟัะฐะฒะปะตะฝะธะต ะทะฝะฐะฝะธัะผะธ",""
"๐","ะะทััะตะฝะธะต ัะทัะบะฐ",""
"๐","ะัะฐะฒะพะพััะฐะฝะธัะตะปัะฝัะต ะพัะณะฐะฝั",""
"๐ฏ","ะะตะฝะตัะฐัะธั ะปะธะดะพะฒ",""
"๐","ะะตะดััะธะน ะผะตะฝะตะดะถะผะตะฝั",""
"โ","ะฎัะธะดะธัะตัะบะธะน",""
"๐","ะะพััะณ",""
"๐ฌ","ะััะตััะฒะตะฝะฝัะต ะฝะฐัะบะธ",""
"๐","ะกัะธะปั ะถะธะทะฝะธ",""
"๐ก","ะะฑัะฐะท ะถะธะทะฝะธ",""
"๐","ะัะพะดัะบัั ะดะปั ะพะฑัะฐะทะฐ ะถะธะทะฝะธ",""
"๐ก","ะัะฒะตัะธัะตะปัะฝัะต ะฟัะธะฑะพัั",""
"๐บ","ะะตััะฝัะน",""
"๐บ","ะะตััะฝะฐั ัะตะบะปะฐะผะฐ",""
"๐บ","ะะพะบะฐะปัะฝัะต ััะปัะณะธ",""
"๐ผ","ะะตััะฝัะต ะฟัะตะดะฟัะธััะธั",""
"๐ต","ะะตััะฝะฐั ะบะพะผะผะตััะธั",""
"๐ซ","ะะตััะฝัะต ะบัะฟะพะฝั",""
"๐บ","ะะพะบะฐะปัะฝัะน ะฟะพะธัะบ",""
"๐บ","ะะตััะฝัะต ััะปัะณะธ",""
"๐บ","ะฃัะปัะณะธ ะฝะฐ ะพัะฝะพะฒะต ะผะตััะพะฟะพะปะพะถะตะฝะธั",""
"๐","ะะพะณะธััะธะบะฐ",""
"๐๏ธ","ะัะพะณัะฐะผะผั ะปะพัะปัะฝะพััะธ",""
"๐ป","ะัะธะปะพะถะตะฝะธั ะดะปั Mac",""
"๐ป","ะะฐัะธะฝะฝะพะต ะพะฑััะตะฝะธะต",""
"๐ญ","ะัะพะธะทะฒะพะดััะฒะพ",""
"๐บ","ะะฐััั",""
"๐ค","ะะฒัะพะผะฐัะธะทะฐัะธั ะผะฐัะบะตัะธะฝะณะฐ",""
"๐ช","ะขะพัะณะพะฒัะต ะฟะปะพัะฐะดะบะธ",""
"๐","ะััะปะตะดะพะฒะฐะฝะธั ััะฝะบะฐ",""
"๐ง","ะะฐััะพะฒะฐั ะฟะตััะพะฝะฐะปะธะทะฐัะธั",""
"๐","ะกะฒะฐัะพะฒััะฒะพ",""
"๐","ะะฐัะตัะธะฐะปะพะฒะตะดะตะฝะธะต",""
"๐","ะกะะ",""
"๐ท","ะะตะดะธัะธะฝัะบะธะน",""
"๐","ะะตะดะธัะธะฝัะบะพะต ะพะฑะพััะดะพะฒะฐะฝะธะต",""
"๐ท","ะะตะดะธัะธะฝัะบะธะต ัะฐะฑะพัะฝะธะบะธ",""
"๐","ะะตะดะธัะธะฝัะบะธะต ััะฐััะฐะฟั",""
"๐","ะัะพะณัะฐะผะผะฝะพะต ะพะฑะตัะฟะตัะตะฝะธะต ะดะปั ัะพะฒะตัะฐะฝะธะน",""
"๐","ะัะถัะบะธะต ัะฟะตัะธะฐะปัะฝัะต",""
"๐ฌ","ะะฑะผะตะฝ ัะพะพะฑัะตะฝะธัะผะธ",""
"๐ป","ะะธะบัะพ-ะฑะปะพะณะธ",""
"๐ฐ","ะะธะบัะพัะธะฝะฐะฝัะธัะพะฒะฐะฝะธะต",""
"๐ฎ","ะะะ-ะธะณัั",""
"๐ฑ","ะะพะฑะธะปัะฝัะน",""
"๐ฑ","ะะพะฑะธะปัะฝะฐั ัะตะบะปะฐะผะฐ",""
"๐","ะะพะฑะธะปัะฝะฐั ะฐะฝะฐะปะธัะธะบะฐ",""
"๐ต","ะะพะฑะธะปัะฝะฐั ะบะพะผะผะตััะธั",""
"๐ฑ","ะะพะฑะธะปัะฝัะต ะบัะฟะพะฝั",""
"๐ฑ","ะะพะฑะธะปัะฝัะต ััััะพะนััะฒะฐ",""
"๐","ะะพะฑะธะปัะฝะฐั ัะปัะถะฑะฐ ัะบัััะตะฝะฝะพะน ะฟะพะผะพัะธ ะธ ะทะดัะฐะฒะพะพััะฐะฝะตะฝะธั",""
"๐ฑ","ะะพะฑะธะปัะฝะพะต ะฟัะตะดะฟัะธััะธะต",""
"๐ฎ","ะะพะฑะธะปัะฝัะต ะธะณัั",""
"๐ฑ","ะะพะฑะธะปัะฝะพะต ะทะดะพัะพะฒัะต",""
"๐ต","ะะพะฑะธะปัะฝัะต ะฟะปะฐัะตะถะธ",""
"๐ฑ","ะะพะฑะธะปัะฝัะน ะฟะพะธัะบ",""
"๐","ะะพะฑะธะปัะฝะฐั ะฑะตะทะพะฟะฐัะฝะพััั",""
"๐ฑ","ะะพะฑะธะปัะฝัะน ัะพะฟะฟะธะฝะณ",""
"๐ฌ","ะะพะฑะธะปัะฝะฐั ัะพัะธะฐะปัะฝะฐั ัะตัั",""
"๐ฑ","ะะพะฑะธะปัะฝัะต ะฟัะพะณัะฐะผะผะฝัะต ะธะฝััััะผะตะฝัั",""
"๐ฅ","ะะพะฑะธะปัะฝะพะต ะฒะธะดะตะพ",""
"๐","ะะพะฑะธะปัะฝะพััั",""
"๐ต","ะะพะฝะตัะธะทะฐัะธั",""
"๐","ะะฐัะตัะธ",""
"๐ต","ะัะทัะบะฐ",""
"๐ธ","ะัะทัะบะฐะปัะฝัะต ะธะฝััััะผะตะฝัั",""
"๐ถ","ะัะทัะบะฐะปัะฝะพะต ะพะฑัะฐะทะพะฒะฐะฝะธะต",""
"๐ต","ะัะทัะบะฐะฝัั",""
"๐ต","ะัะทัะบะฐะปัะฝัะต ัะตัะฒะธัั",""
"๐ค","ะัะทัะบะฐะปัะฝัะต ะฟะปะพัะฐะดะบะธ",""
"๐ค","ะะฑัะฐะฑะพัะบะฐ ะตััะตััะฒะตะฝะฝะพะณะพ ัะทัะบะฐ",""
"๐บ","ะะฐะฒะธะณะฐัะธั",""
"๐","ะะฝัะตัะฝะตั",""
"๐","ะะฐะทัะฐะฑะพัะบะฐ ะฝะพะฒะพะณะพ ะฟัะพะดัะบัะฐ",""
"๐ฐ","ะะพะฒะพััะธ",""
"๐จ","ะะคะข",""
"๐","ะะพัะฝัะต ะบะปัะฑั",""
"๐","ะะพัะฝะฐั ะถะธะทะฝั",""
"๐ป","ะะตะท ะบะพะดะฐ",""
"๐ค","ะะตะบะพะผะผะตััะตัะบะธะต ะพัะณะฐะฝะธะทะฐัะธะธ",""
"๐","ะะตะปะฐัั ะทะฐะผะตัะบะธ",""
"๐","ะะธัะฐะฝะธะต",""
"๐ข","ะัะธัะฝะพะต ะฟะพะผะตัะตะฝะธะต",""
"๐จ","ะะฝัะตัะฝะตั-ะฐัะบัะธะพะฝั",""
"๐","ะะฝะปะฐะนะฝ ะกะฒะธะดะฐะฝะธะต",""
"๐ฅ","ะะฝะปะฐะนะฝ-ะผะตัะพะฟัะธััะธั",""
"๐ป","ะะฝะปะฐะนะฝ-ะธะณัั",""
"๐ป","ะะฝัะตัะฝะตั-ะธะดะตะฝัะธัะธะบะฐัะธั",""
"๐ป","ะะฝะปะฐะนะฝ-ะฟัะพะบะฐั",""
"๐ฅ","ะะฝะปะฐะนะฝ-ะฑัะพะฝะธัะพะฒะฐะฝะธะต",""
"๐","ะะฝะปะฐะนะฝ-ะฟะปะฐะฝะธัะพะฒะฐะฝะธะต",""
"๐","ะะฝะปะฐะนะฝ ะฟะพะบัะฟะบะธ",""
"โ๏ธ","ะะฝัะตัะฝะตั-ะฟััะตัะตััะฒะธั",""
"๐ป","ะะธะดะตะพัะตะบะปะฐะผะฐ ะฒ ะธะฝัะตัะฝะตัะต",""
"๐ป","ะัะบััััะน ะธััะพัะฝะธะบ",""
"๐ฅ","ะะฟะตัะฐัะธะพะฝะฝัะต ัะธััะตะผั",""
"๐ค","ะะฝะตะฝะธั",""
"โ๏ธ","ะะฟัะธะผะธะทะฐัะธั",""
"๐","ะัะณะฐะฝะธัะตัะบะฐั ะตะดะฐ",""
"๐","ะะฐ ะพัะบัััะพะผ ะฒะพะทะดััะต",""
"๐","ะัััะพััะธะฝะณ",""
"๐ธ","P2P ะดะตะฝะตะถะฝัะต ะฟะตัะตะฒะพะดั",""
"๐ช","ะะพัะฟะธัะฐะฝะธะต",""
"๐","ะกัะพัะฝะบะฐ",""
"๐ต","ะะปะฐัะตะถะธ",""
"๐ป","ะะ-ะธะณัั",""
"๐ข","ะะตััะพัะผะฐะฝั-ะผะฐัะบะตัะธะฝะณ",""
"๐ญ","ะัะฟะพะปะฝะธัะตะปััะบะพะต ะธัะบััััะฒะพ",""
"๐จโ๐ผ","ะะธัะฝะพััะฝะพะต ะฟะพะทะธัะธะพะฝะธัะพะฒะฐะฝะธะต",""
"๐ป","ะะธัะฝัะต ะดะฐะฝะฝัะต",""
"๐ต","ะะธัะฝัะต ัะธะฝะฐะฝัั",""
"๐","ะะธัะฝะพะต ะทะดะพัะพะฒัะต",""
"๐","ะะตััะพะฝะฐะปะธะทะฐัะธั",""
"๐ถ","ะะพะผะฐัะฝะธะต ะฟะธัะพะผัั",""
"๐","ะคะฐัะผะฐัะตะฒัะธะบะฐ",""
"๐ป","ะะตะดะฐะบัะธัะพะฒะฐะฝะธะต ัะพัะพะณัะฐัะธะน",""
"๐ท","ะคะพัะพะณัะฐัะธั",""
"๐ท","ะะตะปะธัััั ัะพัะพะณัะฐัะธัะผะธ",""
"๐ฑ","ะะปะฐััะพัะผั",""
"๐ต","ะะพะดะบะฐััะธะฝะณ",""
"๐ต","ะขะพัะณะพะฒะฐั ัะพัะบะฐ",""
"๐ณ","ะะพะปะธัะธะบะฐ",""
"๐ณ","ะะฟัะพั",""
"๐ซ","ะะพััะพะฒัะต ะธ ะบัััะตััะบะธะต ััะปัะณะธ",""
"๐","ะัะพะณะฝะพะทะฝะฐั ะฐะฝะฐะปะธัะธะบะฐ",""
"๐","ะัะตะทะตะฝัะฐัะธะธ",""
"๏นฉ","ะกัะฐะฒะฝะตะฝะธะต ัะตะฝ",""
"๐จ","ะะตัะฐัั",""
"๐","ะะพะฝัะธะดะตะฝัะธะฐะปัะฝะพััั",""
"๐ซ","ะงะฐััะฝะฐั ัะบะพะปะฐ",""
"๐ฅ","ะงะฐััะฝะฐั ัะพัะธะฐะปัะฝะฐั ัะตัั",""
"๐","ะัะธะพะฑัะตัะตะฝะธะต",""
"โ๏ธ","ะะธะทะฐะนะฝ ะฟัะพะดัะบัะฐ",""
"๐พ","ะัะพะณัะฐะผะผะฝะพะต ะพะฑะตัะฟะตัะตะฝะธะต ะดะปั ะฟะพะฒััะตะฝะธั ะฟัะพะธะทะฒะพะดะธัะตะปัะฝะพััะธ",""
"๐","ะะพะธัะบ ะฟัะพะดัะบัะฐ",""
"๐ฅ","ะัะพัะตััะธะพะฝะฐะปัะฝะฐั ัะตัั",""
"๐ด","ะัะพัะตััะธะพะฝะฐะปัะฝัะต ััะปัะณะธ",""
"๐","ะฃะฟัะฐะฒะปะตะฝะธะต ะฟัะพะตะบัะพะผ",""
"๐ข","ะะตะบะปะฐะผะฝัะน",""
"๐ข","ะฃะฟัะฐะฒะปะตะฝะธะต ะฝะตะดะฒะธะถะธะผะพัััั",""
"๐ง","ะัะธัะพะปะพะณะธั",""
"๐ฅ","ะกะฒัะทะธ ั ะพะฑัะตััะฒะตะฝะฝะพัััั",""
"๐ฎ","ะะฑัะตััะฒะตะฝะฝะฐั ะฑะตะทะพะฟะฐัะฝะพััั",""
"๐","ะะฑัะตััะฒะตะฝะฝัะน ััะฐะฝัะฟะพัั",""
"๐","ะะทะดะฐัะตะปััะบะธะน",""
"โ","ะะพะฟัะพัั ะธ ะพัะฒะตัั",""
"๐","QR-ะบะพะดั",""
"๐","ะะพะปะธัะตััะฒะตะฝะฝัะน ะผะฐัะบะตัะธะฝะณ",""
"๐ฑ","ะงัะตะฝะธะต ะฟัะธะปะพะถะตะฝะธะน",""
"๐","ะะตะดะฒะธะถะธะผะพััั",""
"๐","ะะฝะฒะตััะพัั ะฒ ะฝะตะดะฒะธะถะธะผะพััั",""
"๐","ะะตะฐะปัะฝะพะต ะฒัะตะผั",""
"๐ก","ะะธัะปัะพัั",""
"๐ฒ","ะะตัะตะฟัั",""
"๐ด๐ป","ะัะดัั",""
"๐","ะะตะบัััะธะฝะณ",""
"๐","ะฃะดะฐะปะตะฝะฝะฐั ัะฐะฑะพัะฐ",""
"๐ก","ะัะตะฝะดะฐ ะถะธะปัั",""
"๐","ะะตะฟััะฐัะธั",""
"๐ฝ","ะะตััะพัะฐะฝั",""
"๐","ะะพะทะฝะธัะฝะฐั ัะพัะณะพะฒะปั",""
"๐ป","ะะพะทะฝะธัะฝัะต ัะตัะฝะพะปะพะณะธะธ",""
"โ","ะัะทัะฒั ะธ ัะตะบะพะผะตะฝะดะฐัะธะธ",""
"๐","ะฃะฟัะฐะฒะปะตะฝะธะต ัะธัะบะฐะผะธ",""
"๐ค","ะะพะฑะพัะพัะตัะฝะธะบะฐ",""
"๐ป","SaaS",""
"๐ฃ","ะัะพะดะฐะถะธ ะธ ะผะฐัะบะตัะธะฝะณ",""
"๐ค","ะะฒัะพะผะฐัะธะทะฐัะธั ะฟัะพะดะฐะถ",""
"๐","ะะพะธัะบ",""
"๐","ะะพะธัะบะพะฒัะน ะผะฐัะบะตัะธะฝะณ",""
"๐","ะะตะทะพะฟะฐัะฝะพััั",""
"๐ค","ะกะฐะผะพัะฐะทะฒะธัะธะต",""
"๐","ะกะตะผะฐะฝัะธัะตัะบะธะน ะฟะพะธัะบ",""
"๐ฅ","ะกะตะผะฐะฝัะธัะตัะบะฐั ัะตัั",""
"๐","ะกัะฐััะตะต ะทะดะพัะพะฒัะต",""
"๐","SEO",""
"๐ทโโ๏ธ","ะะพััะฐะฒัะธะบะธ ััะปัะณ",""
"๐๏ธ","ะฃัะปัะณะธ",""
"๐ค","ะะฑัะธะต ัะปัะถะฑั",""
"๐ฆ","ะะตัะตะฒะพะทะบะธ",""
"๐","ะะพะบัะฟะบะฐ",""
"๐","ะะฐะปัะน ะธ ััะตะดะฝะธะน ะฑะธะทะฝะตั",""
"๐ข","ะฃะผะฝะพะต ะทะดะฐะฝะธะต",""
"๐ฑ","SMS",""
"โฝ๏ธ","ะคััะฑะพะป",""
"โ๐ฝ","ะกะพัะธะฐะปัะฝัะต ะฐะบัะธะฒะธััั",""
"๐ฅ","ะกะพัะธะฐะปัะฝัะต ะทะฐะบะปะฐะดะบะธ",""
"๐ผ","ะกะพัะธะฐะปัะฝัะน ะฑะธะทะฝะตั",""
"๐ธ","ะกะพัะธะฐะปัะฝะฐั ะบะพะผะผะตััะธั",""
"๐ป","ะกะพัะธะฐะปัะฝัะน CRM",""
"๐ต","ะกะพัะธะฐะปัะฝัะน ัะฑะพั ััะตะดััะฒ",""
"๐ฎ","ะกะพัะธะฐะปัะฝัะต ะธะณัั",""
"๐ก","ะกะพัะธะฐะปัะฝัะต ะธะฝะฝะพะฒะฐัะธะธ",""
"๐ฌ","ะกะพัะธะฐะปัะฝัะต ะผะตะดะธะฐ",""
"๐ป","ะะตะบะปะฐะผะฐ ะฒ ัะพัะธะฐะปัะฝัั ัะตััั",""
"๐ฃ","ะะฐัะบะตัะธะฝะณ ะฒ ะพะฑะปะฐััะธ ะกะะ",""
"๐ป","ะะพะฝะธัะพัะธะฝะณ ัะพัะธะฐะปัะฝัั ัะตัะตะน",""
"๐ฅ","ะะปะฐััะพัะผั ัะพัะธะฐะปัะฝัั ัะตัะตะน",""
"๐ฌ","ะกะพัะธะฐะปัะฝัะต ัะตัะธ ะกะะ",""
"๐ฃ","ะกะพัะธะฐะปัะฝัะต ะฝะพะฒะพััะธ",""
"๐ฅ","ะะปะฐััะพัะผะฐ ะพะฑัะตััะฒะตะฝะฝะพะณะพ ะผะฝะตะฝะธั",""
"๐ป","ะกะพัะธะฐะปัะฝัะน ัะตะบัััะธะฝะณ",""
"๐","ะกะพัะธะฐะปัะฝัะน ะฟะพะธัะบ",""
"๐บ","ะกะพัะธะฐะปัะฝะพะต ัะตะปะตะฒะธะดะตะฝะธะต",""
"โ๏ธ","ะกะพัะธะฐะปัะฝัะต ะฟััะตัะตััะฒะธั",""
"๐ฟ","ะัะพะณัะฐะผะผะฝะพะต ะพะฑะตัะฟะตัะตะฝะธะต",""
"๐","ะฎะณะพ-ะะพััะพัะฝะฐั ะะทะธั",""
"๐","ะะพัะผะธัะตัะบะพะต ะฟััะตัะตััะฒะธะต",""
"๐ฝ","ะกะฟะตัะธะฐะปัะฝัะต ะฟัะพะดัะบัั",""
"๐","ะกะฟะตัะธะฐะปะธะทะธัะพะฒะฐะฝะฝะฐั ัะพะทะฝะธัะฝะฐั ัะพัะณะพะฒะปั",""
"๐ฃ","ะะฐัะฟะพะทะฝะฐะฒะฐะฝะธะต ัะตัะธ",""
"๐ฐ","ะกะฟะพะฝัะพัััะฒะพ",""
"๐ธ","ะกะฟะพััะธะฒะฝัะต ัะพะฒะฐัั",""
"๐","ะกะฟะพัั",""
"๐ข","ะะฐะดัะพะฒัะต ัะธัะผั",""
"๐","ะกัะฐััะฐะฟั",""
"๐","ะคะพะฝะดะพะฒัะต ะฑะธัะถะธ",""
"๐","ะฅัะฐะฝะธะปะธัะต",""
"๐ผ","ะะพะดะฟะธัะบะฐ ะฝะฐ ะฑะธะทะฝะตั",""
"โ","ะฃะฟัะฐะฒะปะตะฝะธะต ัะตะฟะพัะบะฐะผะธ ะฟะพััะฐะฒะพะบ",""
"๐ฝ","ะฃััะพะนัะธะฒะพะต ัะฐะทะฒะธัะธะต",""
"๐ฑ","ะขะฐะฑะปะตัะบะธ",""
"๐","ะฃะฟัะฐะฒะปะตะฝะธะต ะทะฐะดะฐัะฐะผะธ",""
"๐","ะฃัะธัะตะปั",""
"๐","ะขะตัะฝะธัะตัะบะพะต ะพะฑัะฐะทะพะฒะฐะฝะธะต",""
"๐ป","ะขะตัะฝะพะปะพะณะธะธ",""
"๐ฉโ๐ค","ะะพะดัะพััะบะธ",""
"๐","ะขะตะปะตะบะพะผะผัะฝะธะบะฐัะธะธ",""
"โ๏ธ","ะขะตะปะตัะพะฝะธั",""
"๐บ","ะขะตะปะตะฒะธะดะตะฝะธะต",""
"๐ผ","ะัะตะผะตะฝะฝัะน ะฟะตััะพะฝะฐะป",""
"๐","ะขะตััะธัะพะฒะฐะฝะธะต ะธ ะธะทะผะตัะตะฝะธะต",""
"๐","ะขะตะบััะพะฒะฐั ะฐะฝะฐะปะธัะธะบะฐ",""
"๐","ะฃัะตะฑะฝะธะบะธ",""
"๐","ะขะตัะฐะฟะธั",""
"๐ซ","ะะฐัะธัะปะตะฝะธะต ะพะฟะปะฐัั",""
"๐","ะกะฟะธัะบะธ ะดะตะป",""
"โ๏ธ","ะขััะธะทะผ",""
"๐น","ะะณัััะบะธ",""
"๐","ะััะปะตะถะธะฒะฐะฝะธะต",""
"๐น","ะขะพัะณะพะฒะปั",""
"๐๏ธโโ๏ธ","ะะฑััะตะฝะธะต",""
"๐ฌ","ะะตัะตะฒะพะด",""
"๐","ะขัะฐะฝัะฟะพัั",""
"โ๏ธ","ะััะตัะตััะฒะพะฒะฐัั",""
"๐","ะััะตัะตััะฒะธั ะธ ัััะธะทะผ",""
"๐","ะะตะฟะตัะธัะพัััะฒะพ",""
"๐บ","ะขะ ะฟัะพะธะทะฒะพะดััะฒะพ",""
"๐","ะะฑัะตะดะธะฝะตะฝะฝัะต ะบะพะผะผัะฝะธะบะฐัะธะธ",""
"๐","ะฃะฝะธะฒะตััะธัะตั",""
"๐ต","ะกััะดะตะฝัั ัะฝะธะฒะตััะธัะตัะฐ",""
"๐","ะฃะดะพะฑััะฒะพ ะธัะฟะพะปัะทะพะฒะฐะฝะธั",""
"๐ฅ","ะะธะทะฐะนะฝ ะฟะพะปัะทะพะฒะฐัะตะปััะบะพะณะพ ะพะฟััะฐ",""
"๐","ะะพะปัะทะพะฒะฐัะตะปััะบะพะต ัะตััะธัะพะฒะฐะฝะธะต",""
"๐ก","ะฃัะธะปะธัั",""
"๐","ะัะตะฝะดะฐ ะฝะฐ ะฒัะตะผั ะพัะฟััะบะฐ",""
"๐ธ","ะะตะฝัััะฝัะน ะบะฐะฟะธัะฐะป",""
"๐","ะัะตะดะฟัะธััะธั ะฒะพ ะฑะปะฐะณะพ",""
"๐ฅ","ะะธะดะตะพ",""
"๐ป","ะะธะดะตะพ-ัะฐั",""
"๐ป","ะะธะดะตะพ-ะบะพะฝัะตัะตะฝัะธั",""
"๐ผ","ะะตะดะฐะบัะธัะพะฒะฐะฝะธะต ะฒะธะดะตะพ",""
"๐ฎ","ะะธะดะตะพะธะณัั",""
"๐บ","ะะธะดะตะพ ะฟะพ ะทะฐะฟัะพัั",""
"๐ป","ะะธะดะตะพ ััะฐะฝัะปััะธั",""
"๐ฒ","ะะธัััะฐะปัะฝะฐั ะฒะฐะปััะฐ",""
"๐ฅ๏ธ","ะะธัััะฐะปะธะทะฐัะธั",""
"๐ฅ","ะะธัััะฐะปัะฝะฐั ัะตะฐะปัะฝะพััั",""
"๐ผ","ะะธัััะฐะปัะฝะฐั ัะฐะฑะพัะฐั ัะธะปะฐ",""
"๐","ะะธัััะฐะปัะฝัะต ะผะธัั",""
"๐","ะะธะทัะฐะปะธะทะฐัะธั",""
"๐","ะะธะทัะฐะปัะฝัะน ะฟะพะธัะบ",""
"๐ค","ะะพะปะพั",""
"โ๏ธ","VoIP",""
"โป๏ธ","ะฃะฟัะฐะฒะปะตะฝะธะต ะพััะพะดะฐะผะธ",""
"๐ต","ะฃะฟัะฐะฒะปะตะฝะธะต ะบะฐะฟะธัะฐะปะพะผ",""
"โ๏ธ","ะะพัะธะผัะต ััััะพะนััะฒะฐ",""
"๐","ะะตะฑ 3",""
"๐ฅ","ะะตะฑ-ะฑัะฐัะทะตัั",""
"๐","ะะตะฑ-CMS",""
"๐ป","ะะตะฑ-ะดะธะทะฐะนะฝ",""
"๐","ะะตะฑ-ัะฐะทัะฐะฑะพัะบะฐ",""
"โ๏ธ","ะะตะฑ-ัะพััะธะฝะณ",""
"๐จ","ะะตะฑ-ะธะฝััััะผะตะฝัั",""
"๐","ะะฐะฟะฐะดะฝะฐั ะััะธะบะฐ",""
"๐๏ธ","ะะฟัะพะฒะฐั",""
"๐ท","ะะธะฝะพ ะธ ัะฟะธััะฝัะต ะฝะฐะฟะธัะบะธ",""
"๐ฅ","ะะตัะฟัะพะฒะพะดะฝะฐั ัะฒัะทั",""
"๐","ะะตะฝัะธะฝั",""
"๐ป","ะะฐะฑะพัะฐ ะธะท ะดะพะผะฐ",""
"๐","ะะธั",""
"๐","ะะธัะฐัะตะปะธ",""
"โ๏ธ","ะะฝััััะผะตะฝัั ะดะปั ะฟะธััะผะฐ",""
"๐ฆ","ะะพะปะพะดัะต ะปัะดะธ",""